,0,1,2,3,4,5,6,7,8,,,
0,看看你,坐在那儿,觉得自己是个好人,你才不是好人,相信我,现实中就没有好人,我以前也像你一样,认为努力工作和公平竞争,就会带来成功和幸福,,,看看你坐在那儿觉得自己是个好人你才不是好人相信我现实中就没有好人我以前也像你一样认为努力工作和公平竞争就会带来成功和幸福
1,不会的,公平竞争就是个笑话,是有钱人发明的,好让我们这些穷人永远无法翻身,而我一直很穷人,这招可骗不了我,因为这个世界上只存在两种人,剥削别人的人,和被剥削的人,,,不会的公平竞争就是个笑话是有钱人发明的好让我们这些穷人永远无法翻身而我一直很穷人这招可骗不了我因为这个世界上只存在两种人剥削别人的人和被剥削的人
2,捕食者和猎物,狮子和绵羊,我的名字叫玛拉葛蕾森,我可不是一只小绵羊,我是一头母狮,她是我母亲,我应该有权利随时去看望她,她不需要呆在疗养院,她不需要法院指派的监护人,,,捕食者和猎物狮子和绵羊我的名字叫玛拉葛蕾森我可不是一只小绵羊我是一头母狮她是我母亲我应该有权利随时去看望她她不需要呆在疗养院她不需要法院指派的监护人
3,她有一个好儿子来照顾她,我就是不理解法院怎么可以,把我母亲托付给外人,葛蕾森女士在我妈妈清楚表达了,拒绝的意愿后,仍然强制她进入疗养院,现在她又拍卖了我母亲的房子,她的汽车她的私人物品,然后她用这笔收益供自己花销,,,她有一个好儿子来照顾她我就是不理解法院怎么可以把我母亲托付给外人葛蕾森女士在我妈妈清楚表达了拒绝的意愿后仍然强制她进入疗养院现在她又拍卖了我母亲的房子她的汽车她的私人物品然后她用这笔收益供自己花销
4,现在葛蕾森小姐完全禁止我,看望我母亲,这就是一场噩梦她绑架了我母亲,先生请你保持冷静,玛拉葛蕾森是一位,受人尊敬的专业监护人,并且鉴于你的母亲不能自理,她由本法庭以及我本人亲自任命,在最大程度上维护你母亲的利益,,,现在葛蕾森小姐完全禁止我看望我母亲这就是一场噩梦她绑架了我母亲先生请你保持冷静玛拉葛蕾森是一位受人尊敬的专业监护人并且鉴于你的母亲不能自理她由本法庭以及我本人亲自任命在最大程度上维护你母亲的利益
5,禁止儿子的探访是怎么,在最大程度上维护我母亲的利益的,葛蕾森女士根本不关心我的母亲,对不起法官大人我能发言吗,请讲葛蕾森女士,费尔德斯托姆男士先生,我很同情你,但是法庭不会无缘无故委托我的,你的母亲生活不能自理,,,禁止儿子的探访是怎么在最大程度上维护我母亲的利益的葛蕾森女士根本不关心我的母亲对不起法官大人我能发言吗请讲葛蕾森女士费尔德斯托姆男士先生我很同情你但是法庭不会无缘无故委托我的你的母亲生活不能自理
6,这不是真的,医生已经诊断她患有老年痴呆,费尔德斯托姆先生并且提供了,建议立刻采取措施,来保障她安全的证词,你本来有足够的时间,送她去疗养院或者带她去你家,你哪个都没有做,她不想离开自己的家好吗,,,这不是真的医生已经诊断她患有老年痴呆费尔德斯托姆先生并且提供了建议立刻采取措施来保障她安全的证词你本来有足够的时间送她去疗养院或者带她去你家你哪个都没有做她不想离开自己的家好吗
7,她求我不要,你不能按照她的意愿来照顾她,你必须按照她的需要来照顾,这就是为什么我比她的家人,更适合照料她,因为我不会牵扯个人利益进来,我只会为你妈妈做对她正确的事,所以我承认我管理着你母亲的财产,因为必须有人打理,,,她求我不要你不能按照她的意愿来照顾她你必须按照她的需要来照顾这就是为什么我比她的家人更适合照料她因为我不会牵扯个人利益进来我只会为你妈妈做对她正确的事所以我承认我管理着你母亲的财产因为必须有人打理
8,她自己处理只会一团糟,并且我必须支付她的疗养费用,所以我承认我监管了,她的一部分金融资产的出售,我承认我也收取了我的工资,因为看护是我的工作先生,这是我的职业,这就是我一直在做的,每一天每个小时我都在看护,,,她自己处理只会一团糟并且我必须支付她的疗养费用所以我承认我监管了她的一部分金融资产的出售我承认我也收取了我的工资因为看护是我的工作先生这是我的职业这就是我一直在做的每一天每个小时我都在看护
9,我照看那些需要保护的人,保护他们不受冷落保护他们的自尊,并且经常性地,保护他们不受自己孩子的伤害,喂不,法官大人,你和我见过太多次了,子女们宁愿让自己的父母缺衣少食,忍受病痛,,,我照看那些需要保护的人保护他们不受冷落保护他们的自尊并且经常性地保护他们不受自己孩子的伤害喂不法官大人你和我见过太多次了子女们宁愿让自己的父母缺衣少食忍受病痛
10,也不愿意动用他们已经视为遗产的钱,来支付必要的看护费用,费尔德斯特伦男士先生,我同情你真的,但你对你妈妈的探望让她难过,上次你去看望的时候,你袭击了一位工作人员,并且蓄意破环了接待区域,这难道不是事实吗,,,也不愿意动用他们已经视为遗产的钱来支付必要的看护费用费尔德斯特伦男士先生我同情你真的但你对你妈妈的探望让她难过上次你去看望的时候你袭击了一位工作人员并且蓄意破环了接待区域这难道不是事实吗
11,那个,法官大人我认为,下达谢绝探访命令的理由,已经非常充分,这个法庭理应尽全力保护和帮助,费尔德斯特伦女士,而她儿子的行为,正在损害我们在这场斗争中的,全部努力,,,那个法官大人我认为下达谢绝探访命令的理由已经非常充分这个法庭理应尽全力保护和帮助费尔德斯特伦女士而她儿子的行为正在损害我们在这场斗争中的全部努力
12,我同意命令执行,什么不行,你胜诉了,是的,我就知道你可以,喂,臭娘们儿,说你呢,臭娘们儿,,,我同意命令执行什么不行你胜诉了是的我就知道你可以喂臭娘们儿说你呢臭娘们儿
13,我觉得他在跟你说话,那就喊我名字啊,婊子,喂你就不怕遭报应吗,我们的生活都被毁了,我只是在完成我的工作,你他妈的工作,去你妈的,喂,,,我觉得他在跟你说话那就喊我名字啊婊子喂你就不怕遭报应吗我们的生活都被毁了我只是在完成我的工作你他妈的工作去你妈的喂
14,我祝你被强奸我祝你被谋杀,我祝你不得好死,你这该死的混蛋,活够了吧你这混蛋小心我,因为我是女的你是不是更憋屈了,竟然被一个娘们搞得一败涂地,长了根老二不代表我会不自觉地怕你,恰恰相反,你可能是个男人,,,我祝你被强奸我祝你被谋杀我祝你不得好死你这该死的混蛋活够了吧你这混蛋小心我因为我是女的你是不是更憋屈了竟然被一个娘们搞得一败涂地长了根老二不代表我会不自觉地怕你恰恰相反你可能是个男人
15,但如果你敢,再威胁我碰我或者冲我吐痰一次,我会抓住你的鸡巴蛋,然后我会把它们连根扯掉,听懂了吗,我会告诉你妈,你送上了最诚挚的祝福,葛蕾森监护,谢谢,,,但如果你敢再威胁我碰我或者冲我吐痰一次我会抓住你的鸡巴蛋然后我会把它们连根扯掉听懂了吗我会告诉你妈你送上了最诚挚的祝福葛蕾森监护谢谢
16,柯蒂斯,嗨干得不错,你又做到了,嗨老板恭喜你胜诉了,谢谢艾迪现在几点了,现在是点分加上往返路程,差不多用了个多小时,就算六个小时吧,向费尔德斯特伦的账户收费收全价,,,柯蒂斯嗨干得不错你又做到了嗨老板恭喜你胜诉了谢谢艾迪现在几点了现在是点分加上往返路程差不多用了个多小时就算六个小时吧向费尔德斯特伦的账户收费收全价
17,好山姆莱斯打过电话叫你回电话,好的我等下在屋里打,弗兰给房地产经纪人打个电话,问一下巴特尔财产权的进度,储蓄账户差不多没钱了,下个月就不够公司开销了,知道了,费尔德斯特伦,接通山姆,,,好山姆莱斯打过电话叫你回电话好的我等下在屋里打弗兰给房地产经纪人打个电话问一下巴特尔财产权的进度储蓄账户差不多没钱了下个月就不够公司开销了知道了费尔德斯特伦接通山姆
18,山姆你好吗,嗨我很好玛拉你怎么样,努力工作努力玩耍,了不起,你打过电话,对我有消息要告诉你,好消息还是坏消息,都有,你的受监护人艾伦李维特,,,山姆你好吗嗨我很好玛拉你怎么样努力工作努力玩耍了不起你打过电话对我有消息要告诉你好消息还是坏消息都有你的受监护人艾伦李维特
19,在我们巴克夏奥克斯这个分院,他刚刚死了,什么,艾伦今天早上走的抱歉,不艾伦莱维特真的吗,怎么死的,中风很严重,但他很年轻啊,刚刚六十九岁零三个月大,,,在我们巴克夏奥克斯这个分院他刚刚死了什么艾伦今天早上走的抱歉不艾伦莱维特真的吗怎么死的中风很严重但他很年轻啊刚刚六十九岁零三个月大
20,天啊,艾伦,该死他才在我们这儿半年,我以为他至少还能再支撑我们五年,该死我现在必须把他变现了,把所有事情推给他的继承人,真是太浪费了,也许他觉得你人不错,把你写进遗嘱里呢,,,天啊艾伦该死他才在我们这儿半年我以为他至少还能再支撑我们五年该死我现在必须把他变现了把所有事情推给他的继承人真是太浪费了也许他觉得你人不错把你写进遗嘱里呢
21,才怪,所以好消息是什么,因为艾伦的悲痛离去,我们现在有空位了,他的房间,那是转角的豪华房,是的,先等我一会儿,玛拉你不是城里唯一的玩家,,,才怪所以好消息是什么因为艾伦的悲痛离去我们现在有空位了他的房间那是转角的豪华房是的先等我一会儿玛拉你不是城里唯一的玩家
22,我这儿还有候补名单呢,去他的候补名单多少钱,每周两千直到有人住为止,两千美元上次是五百美元,如果你不交钱别人会的,去你的山姆好吧两千美元,谢了山姆,不客气玛拉,怎么了,,,我这儿还有候补名单呢去他的候补名单多少钱每周两千直到有人住为止两千美元上次是五百美元如果你不交钱别人会的去你的山姆好吧两千美元谢了山姆不客气玛拉怎么了
23,你懂的,好好开车,马上回来,嗨佩特拉,凯伦医生正在等我,艾伦莱维特该死,抱歉我还以为他会很长寿,我知道所以我们现在,正在市场上寻找新客户,,,你懂的好好开车马上回来嗨佩特拉凯伦医生正在等我艾伦莱维特该死抱歉我还以为他会很长寿我知道所以我们现在正在市场上寻找新客户
24,有谁适合我们吗,我的确想摆脱掉几个人,那几个难伺候的混蛋,但是有一个我一直想跟你说的人,我一直在调查她,而且我觉得她也许是,不会吧,我都不想说出来,肥羊,,,有谁适合我们吗我的确想摆脱掉几个人那几个难伺候的混蛋但是有一个我一直想跟你说的人我一直在调查她而且我觉得她也许是不会吧我都不想说出来肥羊
25,是的也许吧我觉得是,别逗我,告诉我细节,拜托玛拉,我不能免费送你一个肥羊,我需要一些回报,你在金光护理院有股份对吧,对我们有些股份,让我也分一杯羹,,,是的也许吧我觉得是别逗我告诉我细节拜托玛拉我不能免费送你一个肥羊我需要一些回报你在金光护理院有股份对吧对我们有些股份让我也分一杯羹
26,拜托我在帮你挣大钱,但是我几乎没挣到什么,让我尝尝甜头,成交,但她必须是真的肥羊要讲诚信,詹妮弗彼得森,她的身体相当健康,但在最近,她出现一些失忆和糊涂的症状,,,拜托我在帮你挣大钱但是我几乎没挣到什么让我尝尝甜头成交但她必须是真的肥羊要讲诚信詹妮弗彼得森她的身体相当健康但在最近她出现一些失忆和糊涂的症状
27,严重吗,不严重但是我们可以操纵这点,举行一场按我们的方式进行的听审,她没有子女没有丈夫,没有在世的家人,一个都没有,她有很可观的保险,她告诉我她以前在芝加哥做金融工作,然后搬到这里退休,,,严重吗不严重但是我们可以操纵这点举行一场按我们的方式进行的听审她没有子女没有丈夫没有在世的家人一个都没有她有很可观的保险她告诉我她以前在芝加哥做金融工作然后搬到这里退休
28,能给我一份副本吗,当然,除了她的检查结果那样可不太道德,当然了,詹妮弗彼得森年月日生人,她住在沙尔克罗斯的威廉姆斯街号,这是一个不错的社区,价格昂贵,她七年前买了这栋住房,,,能给我一份副本吗当然除了她的检查结果那样可不太道德当然了詹妮弗彼得森年月日生人她住在沙尔克罗斯的威廉姆斯街号这是一个不错的社区价格昂贵她七年前买了这栋住房
29,完全拥有产权,信用极佳没有丝毫不良记录,没有债务没有犯罪记录,从未结婚,她在同一家公司工作了四十年,转身踢腿,她的退休应该是公司进行了裁员,清偿了债务,现在她坐在一窝金蛋上,,,完全拥有产权信用极佳没有丝毫不良记录没有债务没有犯罪记录从未结婚她在同一家公司工作了四十年转身踢腿她的退休应该是公司进行了裁员清偿了债务现在她坐在一窝金蛋上
30,像只肥得流油的鹅,看看这个,她的税收报表,上面显示她有三个单独的储蓄账户,都在替她赚取高额利息,她喜欢白天去看电影,她经常读书喜欢园艺,就是你常对付的那种老太太,她正坐在一堆钞票上,,,像只肥得流油的鹅看看这个她的税收报表上面显示她有三个单独的储蓄账户都在替她赚取高额利息她喜欢白天去看电影她经常读书喜欢园艺就是你常对付的那种老太太她正坐在一堆钞票上
31,她有钱独立有文化,这位女士简直就是我的英雄啊,凯伦,我是玛拉,开始动詹妮弗彼得森吧,你会得到你想要的股份,彼得森女士经常犯糊涂,并且表现出记忆和自理困难的问题,她的行动能力受损,,,她有钱独立有文化这位女士简直就是我的英雄啊凯伦我是玛拉开始动詹妮弗彼得森吧你会得到你想要的股份彼得森女士经常犯糊涂并且表现出记忆和自理困难的问题她的行动能力受损
32,她不能够充分地照顾自己,我相信如果她独自留在自己家中,会处于高危状态,她没有家人吗,除了我们没有人会照顾她,这太糟糕了可怜的女人,好吧葛蕾森小姐,你觉得你能收她为你的被监护人吗,我知道你需要照顾的人已经有很多了,,,她不能够充分地照顾自己我相信如果她独自留在自己家中会处于高危状态她没有家人吗除了我们没有人会照顾她这太糟糕了可怜的女人好吧葛蕾森小姐你觉得你能收她为你的被监护人吗我知道你需要照顾的人已经有很多了
33,可以法官大人,如果你需要我去照顾她的话,我可以照顾她,谢谢你玛拉,监护人证书,彼得森女士我叫玛拉葛蕾森,我和你的主治医师,凯伦艾莫斯一起合作,我能和你谈两分钟吗,,,可以法官大人如果你需要我去照顾她的话我可以照顾她谢谢你玛拉监护人证书彼得森女士我叫玛拉葛蕾森我和你的主治医师凯伦艾莫斯一起合作我能和你谈两分钟吗
34,早上好彼得森女士,我很抱歉这么早打扰你,你是位医生吗,不女士我,我能给你看看这个吗,我需要去拿我的老花镜马上就回来,我不确定这是什么东西,这是法院命令女士,法院命令,,,早上好彼得森女士我很抱歉这么早打扰你你是位医生吗不女士我我能给你看看这个吗我需要去拿我的老花镜马上就回来我不确定这是什么东西这是法院命令女士法院命令
35,但是这跟我有什么关系,这是你的名字对吧,詹妮弗彼得森你的出生日期,你的社保号码,和这个地址,我的天啊是我做错了什么吗,没有女士这是为了帮助你,法院在医生的指导下已经裁定,你需要协助才能照顾好自己,,,但是这跟我有什么关系这是你的名字对吧詹妮弗彼得森你的出生日期你的社保号码和这个地址我的天啊是我做错了什么吗没有女士这是为了帮助你法院在医生的指导下已经裁定你需要协助才能照顾好自己
36,法院已经委派我做你的法定监护人,什么我不,当我们无法充分照顾自己的时候,国家会介入进来提供帮助,有人受苦的时候我们不能坐视不管,我没有受苦,我很好我再好不过了,我不需要帮助,恐怕这不是我或者你来决定的,,,法院已经委派我做你的法定监护人什么我不当我们无法充分照顾自己的时候国家会介入进来提供帮助有人受苦的时候我们不能坐视不管我没有受苦我很好我再好不过了我不需要帮助恐怕这不是我或者你来决定的
37,法院已经做出裁定认为你需要帮助,而作为你的法定监护人,确保你无论什么时候,都受到充分地照料是我的职责所在,让我告诉你吧我从没上过法庭,这是我第一次听说法院找我,在紧急情况下法庭可以在,潜在监护人未到场的情况下开庭,难以置信,,,法院已经做出裁定认为你需要帮助而作为你的法定监护人确保你无论什么时候都受到充分地照料是我的职责所在让我告诉你吧我从没上过法庭这是我第一次听说法院找我在紧急情况下法庭可以在潜在监护人未到场的情况下开庭难以置信
38,女士你必须跟我走,我哪儿也不去,这是法院的命令如果你拒绝执行,恐怕会有一些麻烦,我的天,如果你觉得有什么误会,请向法庭报告申请一场听审,但是现在,我还是建议你暂时跟我去一趟,,,女士你必须跟我走我哪儿也不去这是法院的命令如果你拒绝执行恐怕会有一些麻烦我的天如果你觉得有什么误会请向法庭报告申请一场听审但是现在我还是建议你暂时跟我去一趟
39,我为你找到的疗养所,如果你觉得有什么误会,我们可以在那里解决,这位是弗朗西丝她会帮你收拾行李,早上好很高兴认识你,我不敢相信会发生这种事,完全没事的,别碰我,我很抱歉,,,我为你找到的疗养所如果你觉得有什么误会我们可以在那里解决这位是弗朗西丝她会帮你收拾行李早上好很高兴认识你我不敢相信会发生这种事完全没事的别碰我我很抱歉
40,别碰我,家里很漂亮彼得森女士,交给我吧,我会监督维护你的房产,直到你自己能处理,我们走吧我们只想确保,你的财产能被安全地维护,谢谢你柯蒂斯,安全带,,,别碰我家里很漂亮彼得森女士交给我吧我会监督维护你的房产直到你自己能处理我们走吧我们只想确保你的财产能被安全地维护谢谢你柯蒂斯安全带
41,玛拉情况如何了,她是不是不肯就范,没她收拾好行李就跟我们走了,这些人基本不会反抗,他们看到官方文件和警察,就会乖乖跟我们走了,换我的话可不会乖乖就范,是的你说过,但是本质上我们大多数都很,,,玛拉情况如何了她是不是不肯就范没她收拾好行李就跟我们走了这些人基本不会反抗他们看到官方文件和警察就会乖乖跟我们走了换我的话可不会乖乖就范是的你说过但是本质上我们大多数都很
42,软弱温顺胆小,确实你听说过米尔格拉姆实验吗,现在别聊这个山姆,我们已经在送她过去了,好吧,山姆我们接待她要上全套戏码,收到,巴克夏奥克斯老年人之家,未经许可不得入内,,,软弱温顺胆小确实你听说过米尔格拉姆实验吗现在别聊这个山姆我们已经在送她过去了好吧山姆我们接待她要上全套戏码收到巴克夏奥克斯老年人之家未经许可不得入内
43,欢迎到家,进来吧,我都忘了房间有多大了,是啊,怎么不坐呢,这样就有家的感觉了,他们知道你所有的健康状况,所有你要吃的药,不用担心他们会照顾好一切的,,,欢迎到家进来吧我都忘了房间有多大了是啊怎么不坐呢这样就有家的感觉了他们知道你所有的健康状况所有你要吃的药不用担心他们会照顾好一切的
44,如果你需要我任何时候都可以,不管是白天还是晚上,说一声就行好吗,你有手机吗,解锁吧我会存上我的号码,如果你需要打电话,说一声就行好吗,现在彼得森小姐,我想说我很荣幸能成为你的监护人,,,如果你需要我任何时候都可以不管是白天还是晚上说一声就行好吗你有手机吗解锁吧我会存上我的号码如果你需要打电话说一声就行好吗现在彼得森小姐我想说我很荣幸能成为你的监护人
45,请记住我是你这边的,我是来帮你的,山姆你要像对待女王那样,对待这位女士你听见了吗,她想要什么都行,当然了,保重彼得森女士我们会很快再见的,我们这边还有东西,仅限授权人员通过,,,请记住我是你这边的我是来帮你的山姆你要像对待女王那样对待这位女士你听见了吗她想要什么都行当然了保重彼得森女士我们会很快再见的我们这边还有东西仅限授权人员通过
46,能开门吗我想透透气,你得往那边走,我只是想透透气,能开下门让我透透气吗,你得回去那边,为什么,我需要你回到休息区,你能拿一下这个吗,待售,,,能开门吗我想透透气你得往那边走我只是想透透气能开下门让我透透气吗你得回去那边为什么我需要你回到休息区你能拿一下这个吗待售
47,谢谢这是我的荣幸,拍卖编号,四十五号这位男士,布莱顿房地产拍卖,成交,我喜欢你的翘臀,嗨,不知道能否请你帮我一下,我需要用一下我的手机,,,谢谢这是我的荣幸拍卖编号四十五号这位男士布莱顿房地产拍卖成交我喜欢你的翘臀嗨不知道能否请你帮我一下我需要用一下我的手机
48,你能帮我找一下吗,彼得森女士为了我们贵宾的安全,手机会被放置到保险的地方,我的手机不会伤害到你的,我们的原则是要经过你的监护人,不我不需要我的监护人你知道吗,我可以打给,我能和负责人谈谈吗,莱斯先生现在没时间见你,,,你能帮我找一下吗彼得森女士为了我们贵宾的安全手机会被放置到保险的地方我的手机不会伤害到你的我们的原则是要经过你的监护人不我不需要我的监护人你知道吗我可以打给我能和负责人谈谈吗莱斯先生现在没时间见你
49,莱斯先生就在这儿,但是他没时间见我,莱斯先生,喂女士,冷静,别碰我,我需要你冷静下来,你们为什么要这样碰我,我理解,,,莱斯先生就在这儿但是他没时间见我莱斯先生喂女士冷静别碰我我需要你冷静下来你们为什么要这样碰我我理解
50,我很冷静,离我远点儿,冷静,不别让他们那样对我,彼得森女士我希望你冷静下来,布莱顿信托银行,授权批准资金发放,好了,这是你们银行某个保险柜的钥匙吗,,,我很冷静离我远点儿冷静不别让他们那样对我彼得森女士我希望你冷静下来布莱顿信托银行授权批准资金发放好了这是你们银行某个保险柜的钥匙吗
51,德国马克,接彼得森女士的出租,她已经不住这里了,什么,她搬走了,彼得森小姐搬走了,我弄错了,谢谢,麻烦问一下谁给你打电话的,,,德国马克接彼得森女士的出租她已经不住这里了什么她搬走了彼得森小姐搬走了我弄错了谢谢麻烦问一下谁给你打电话的
52,麻烦问一下,靠,先生就他自己,她去哪儿了,她不在家里,你准时到那儿了,是的先生,不可能,七年来她从来没有错过约定的见面,,,麻烦问一下靠先生就他自己她去哪儿了她不在家里你准时到那儿了是的先生不可能七年来她从来没有错过约定的见面
53,那房子装修了,房子已经被清理了,前门外面挂着待售的标志,里面有人他们在刷墙,我跟一个,拿着布料样品的女人说话她说,她已经不在那里住了,我没明白,里面都是谁她现在在哪儿,,,那房子装修了房子已经被清理了前门外面挂着待售的标志里面有人他们在刷墙我跟一个拿着布料样品的女人说话她说她已经不在那里住了我没明白里面都是谁她现在在哪儿
54,我不知道我直接来的这里,你明明知道这对我有多重要,也没想着去问问吗,你没想过要了解一下基本情况吗,先生如果我,求你了先生,求你了,我想我可以趁着别人,你搞砸了亚历克西,,,我不知道我直接来的这里你明明知道这对我有多重要也没想着去问问吗你没想过要了解一下基本情况吗先生如果我求你了先生求你了我想我可以趁着别人你搞砸了亚历克西
55,我非常爱我的妈妈,而这种日子这种我们偶尔,一起度过的几天日子,是对我的赐福,是的先生当然了,所以你去找到她,然后把她带到我这儿,立刻,没问题好的先生,,,我非常爱我的妈妈而这种日子这种我们偶尔一起度过的几天日子是对我的赐福是的先生当然了所以你去找到她然后把她带到我这儿立刻没问题好的先生
56,然后我打开了袋子,你猜里面是什么,钻石,很多钻石,纯裸钻,这是她保险箱的保单,她列出了黄金首饰债券,但是没有钻石,她给六百美元的手表买了保险,,,然后我打开了袋子你猜里面是什么钻石很多钻石纯裸钻这是她保险箱的保单她列出了黄金首饰债券但是没有钻石她给六百美元的手表买了保险
57,但是没保几百万美元的钻石,你觉得它们是被偷来的,有可能,她看起来不像那种人,别被老人给骗了,即使是虐待狂和无耻的混蛋也会变老,但你落下了重点,重点是这些钻石不是公开存在的,所以,,,但是没保几百万美元的钻石你觉得它们是被偷来的有可能她看起来不像那种人别被老人给骗了即使是虐待狂和无耻的混蛋也会变老但你落下了重点重点是这些钻石不是公开存在的所以
58,没人会惦记它们,你想偷走它们,不,我想改变保管它们的位置,存放一段时间,看看会发生什么,有事,抱歉先生我可以晚点再过来,你找到我妈妈了吗,,,没人会惦记它们你想偷走它们不我想改变保管它们的位置存放一段时间看看会发生什么有事抱歉先生我可以晚点再过来你找到我妈妈了吗
59,算是吧,她在一所养老院里,出售,据我目前所知先生我无法进去,先生最后一批毒骡今天早上到了,运送过程中有损失吗,三个,我们会在梅德菲尔德的房子那儿,从他们手里拿到货,,,算是吧她在一所养老院里出售据我目前所知先生我无法进去先生最后一批毒骡今天早上到了运送过程中有损失吗三个我们会在梅德菲尔德的房子那儿从他们手里拿到货
60,那是我要的奶昔吗,我没明白,她把自己送进了养老院,不是,她是被法院命令送去的,她现在是政府的被监护人了,你妈妈的医生,认为她没有能力照顾自己,这不是纯属胡扯嘛,,,那是我要的奶昔吗我没明白她把自己送进了养老院不是她是被法院命令送去的她现在是政府的被监护人了你妈妈的医生认为她没有能力照顾自己这不是纯属胡扯嘛
61,是啊先生,所以怎么会这样呢,玛拉葛蕾森,我认为这是她干的,她是你母亲的监护人,她现在完全接管了,你母亲的人生和财产,操,打给迪恩,,,是啊先生所以怎么会这样呢玛拉葛蕾森我认为这是她干的她是你母亲的监护人她现在完全接管了你母亲的人生和财产操打给迪恩
62,把我妈妈带出那个养老院,保障她的安全,要在暗中解决,解决得合法且干脆一点,别把我牵扯进去,好的先生,不,照片留下,玛拉葛蕾森很高兴认识你,,,把我妈妈带出那个养老院保障她的安全要在暗中解决解决得合法且干脆一点别把我牵扯进去好的先生不照片留下玛拉葛蕾森很高兴认识你
63,迪恩埃里克森,他说他有预约但他不在名单里,请允许我占用你五分钟的时间,这非常重要,你可以占用两分钟,办公室真漂亮,很有格调,这些都是你的被监护人,我有什么可以效劳的,,,迪恩埃里克森他说他有预约但他不在名单里请允许我占用你五分钟的时间这非常重要你可以占用两分钟办公室真漂亮很有格调这些都是你的被监护人我有什么可以效劳的
64,埃里克森先生,身上担着这么多人的责任,你一定忙得不可开交吧,我可以想象到文书工作有多繁重,请坐有话直说吧,我是一位律师,我不需要律师,我代理詹妮弗彼得森,真的吗,,,埃里克森先生身上担着这么多人的责任你一定忙得不可开交吧我可以想象到文书工作有多繁重请坐有话直说吧我是一位律师我不需要律师我代理詹妮弗彼得森真的吗
65,是的我觉得存在着什么误会,你看我的客户非常有能力照顾自己,她不需要像你这样的一位监护人,当然了我并不是在表达不满,我确定你为彼得森女士,提供了绝对优秀的看护服务,但是实际情况是,她既不需要也不想要你的看护,她自己一个人很好,,,是的我觉得存在着什么误会你看我的客户非常有能力照顾自己她不需要像你这样的一位监护人当然了我并不是在表达不满我确定你为彼得森女士提供了绝对优秀的看护服务但是实际情况是她既不需要也不想要你的看护她自己一个人很好
66,她打给你了,什么,她在疗养院里打电话给你了,她打了,你上次见她是什么时候,不久之前,那是多久,就几周吧,几周呢两周三周四周,,,她打给你了什么她在疗养院里打电话给你了她打了你上次见她是什么时候不久之前那是多久就几周吧几周呢两周三周四周
67,三周也许四周三周,她很好她再好不过了,她大多数时间比我还更健康更专注,恐怕这就解释得通了,两周前詹妮弗的健康出现了,严重恶化,她出现了记忆衰退,这是老年痴呆的表现,而她的医生非常担心她,,,三周也许四周三周她很好她再好不过了她大多数时间比我还更健康更专注恐怕这就解释得通了两周前詹妮弗的健康出现了严重恶化她出现了记忆衰退这是老年痴呆的表现而她的医生非常担心她
68,她向法院寻求紧急帮助,这都是瞎掰的葛蕾森女士,你清楚我也清楚,如果医生真的写了批条,那他也很清楚,她,什么,她医生是位女士,好,,,她向法院寻求紧急帮助这都是瞎掰的葛蕾森女士你清楚我也清楚如果医生真的写了批条那他也很清楚她什么她医生是位女士好
69,现在,我知道你在玩什么,我了解你的游戏你的强取豪夺,是吗,我知道,老实说这是个好办法,你看到了机会就抓住了,看看你墙上挂的这些摇钱树,不断地往你的账户里送钱,,,现在我知道你在玩什么我了解你的游戏你的强取豪夺是吗我知道老实说这是个好办法你看到了机会就抓住了看看你墙上挂的这些摇钱树不断地往你的账户里送钱
70,简直日进斗金,你干得很好我不是来毁你生意的,你能继续榨干这群又穷又脆弱的人,我很为你开心,你干得越久越好,天啊如果你的事业不是美国梦的,完美案例,我就不知道什么才是了,但是詹妮弗彼得森不行,,,简直日进斗金你干得很好我不是来毁你生意的你能继续榨干这群又穷又脆弱的人我很为你开心你干得越久越好天啊如果你的事业不是美国梦的完美案例我就不知道什么才是了但是詹妮弗彼得森不行
71,没人可以碰她,我理解我明白你为什么瞄准了她,我只是按照医生的建议做的,是啊当然,我们暂且认为是这样,但是她的医生误诊了,听懂了吗他抱歉她搞砸了,詹妮弗需要尽快脱离你的看护,你需要让那个女医生再写一封信,,,没人可以碰她我理解我明白你为什么瞄准了她我只是按照医生的建议做的是啊当然我们暂且认为是这样但是她的医生误诊了听懂了吗他抱歉她搞砸了詹妮弗需要尽快脱离你的看护你需要让那个女医生再写一封信
72,说詹妮弗完全康复了,并且不再需要受到监护人的照顾了,我为什么要这样做,这个嘛,我能想到两个理由,第一这样做是正确的,不过我猜这对你来说毫无意义,第二因为她有几个,可以让你过不得舒服的,,,说詹妮弗完全康复了并且不再需要受到监护人的照顾了我为什么要这样做这个嘛我能想到两个理由第一这样做是正确的不过我猜这对你来说毫无意义第二因为她有几个可以让你过不得舒服的
73,很有权势的朋友,极度地不开心不舒服,这是威胁吗,不这只是你需要知道的背景资料,能有多不舒服,极度残忍的不舒服,然后最终,好吧,这样说吧你就再也感受不到,,,很有权势的朋友极度地不开心不舒服这是威胁吗不这只是你需要知道的背景资料能有多不舒服极度残忍的不舒服然后最终好吧这样说吧你就再也感受不到
74,舒服还是不舒服了,因为我会死吗,什么,我没这么说,但每个人都会死对吧,只不过有人死的早了点,以一种更可怕痛苦的方式死去,你为谁工作,詹妮弗彼得,,,舒服还是不舒服了因为我会死吗什么我没这么说但每个人都会死对吧只不过有人死的早了点以一种更可怕痛苦的方式死去你为谁工作詹妮弗彼得
75,骗人,不好意思,骗人,詹妮弗没从疗养院给你打电话,你以为我会蠢到让我的新被监护人,轻易拿到能打通的电话,我从她的文件里得知她的律师是,处理家庭法的本地人不是你,你是一条,,,骗人不好意思骗人詹妮弗没从疗养院给你打电话你以为我会蠢到让我的新被监护人轻易拿到能打通的电话我从她的文件里得知她的律师是处理家庭法的本地人不是你你是一条
76,想威胁我的恶鲨,我想知道是谁雇了你,让她脱离你的监护,不迪恩,我不觉得我会这样做,我以为没必要用这招呢,这是十五万美元现金,出手真大方,你放她走这就都是你的,,,想威胁我的恶鲨我想知道是谁雇了你让她脱离你的监护不迪恩我不觉得我会这样做我以为没必要用这招呢这是十五万美元现金出手真大方你放她走这就都是你的
77,你知道我怎么想吗迪恩,如果你谈判的开场白是十五万美元,那么对于派你来的人来说,詹妮弗彼得森的价值,要远远超过这个价值,我可以涨到二十五万,这样吧,五百万,三开头的吧,,,你知道我怎么想吗迪恩如果你谈判的开场白是十五万美元那么对于派你来的人来说詹妮弗彼得森的价值要远远超过这个价值我可以涨到二十五万这样吧五百万三开头的吧
78,三亿,三十万,这是最终报价,迪恩我有着法律责任,詹妮弗彼得森需要我的保护,我怎么能抛弃她呢,你是在拒绝吗,我是在拒绝,我在说不行谢谢,,,三亿三十万这是最终报价迪恩我有着法律责任詹妮弗彼得森需要我的保护我怎么能抛弃她呢你是在拒绝吗我是在拒绝我在说不行谢谢
79,在接下来的几天里,你会在脑海中一次又一次地,回想这次对话,并且会希望你做出了不同的选择,现在看看你所拥有的吧,蒸蒸日上的生意,员工,一张漂亮的脸蛋还没折的骨头,性命,,,在接下来的几天里你会在脑海中一次又一次地回想这次对话并且会希望你做出了不同的选择现在看看你所拥有的吧蒸蒸日上的生意员工一张漂亮的脸蛋还没折的骨头性命
80,等这件事结束你就不会有这些了,一个都不剩,这是最后的机会,再见迪恩,你出去之后柯蒂斯会帮你取车,我往回查过了,她一直到她出生证明的记录,我在她的一生中找不到,我们值得畏惧的人,,,等这件事结束你就不会有这些了一个都不剩这是最后的机会再见迪恩你出去之后柯蒂斯会帮你取车我往回查过了她一直到她出生证明的记录我在她的一生中找不到我们值得畏惧的人
81,那这个律师是谁,也许他知道钻石的事,对我也是这个看法,也许他指望着我们呢,他害怕我们找到那些钻石,也许你应该接受那些现金,然后放弃我们有史以来最好的机会,如果他说的是真的该怎么办,关于什么,,,那这个律师是谁也许他知道钻石的事对我也是这个看法也许他指望着我们呢他害怕我们找到那些钻石也许你应该接受那些现金然后放弃我们有史以来最好的机会如果他说的是真的该怎么办关于什么
82,关于威胁,你知道我被男人威胁过多少次吗,几千次,你知道我有多少次,真正遇到麻烦了吗,两次,他威胁我因为那是他唯一能做的了,你无法让一个女人做你希望的事情,还同时骂她是婊子威胁要杀了她,,,关于威胁你知道我被男人威胁过多少次吗几千次你知道我有多少次真正遇到麻烦了吗两次他威胁我因为那是他唯一能做的了你无法让一个女人做你希望的事情还同时骂她是婊子威胁要杀了她
83,我不怕他,好吧,那你想怎样,我要去找总有解决办法的人谈谈,她怎么样了,她来了之后一直很不安定,他们都是这样的,是但是她尤其强烈,医生不得不给她注射药物,,,我不怕他好吧那你想怎样我要去找总有解决办法的人谈谈她怎么样了她来了之后一直很不安定他们都是这样的是但是她尤其强烈医生不得不给她注射药物
84,来让她安静两次了,她在游戏室但我必须警告你,我们没办法只能给她打了镇定剂,所以她可能还没过药劲,我今天要展示给你们,它用普通的芝士,詹妮弗,你感觉怎么样,我为什么会认识你,,,来让她安静两次了她在游戏室但我必须警告你我们没办法只能给她打了镇定剂所以她可能还没过药劲我今天要展示给你们它用普通的芝士詹妮弗你感觉怎么样我为什么会认识你
85,我是你的监护人玛拉,谢天谢地我需要帮助,我需要我的手机,打给谁,什么,你需要打给谁,为什么,詹妮弗你认识一个,叫迪恩埃里克森的人吗,,,我是你的监护人玛拉谢天谢地我需要帮助我需要我的手机打给谁什么你需要打给谁为什么詹妮弗你认识一个叫迪恩埃里克森的人吗
86,谁什么,迪恩,迪恩埃里克森你认识他吗,迪恩,不我不认识,不认识,他说他为你工作他说他是位律师,律师,他看着很贵吗,,,谁什么迪恩迪恩埃里克森你认识他吗迪恩不我不认识不认识他说他为你工作他说他是位律师律师他看着很贵吗
87,这个嘛,是吧我想,今天几号,十五号,八号在上周,没错,现在你有麻烦了,真的吗为什么,是的他要来了,,,这个嘛是吧我想今天几号十五号八号在上周没错现在你有麻烦了真的吗为什么是的他要来了
88,谁迪恩,不是,他要来了,谁,你就等着吧,詹妮弗你是谁,打了好多药,药我没法思考了,告诉我你是谁,,,谁迪恩不是他要来了谁你就等着吧詹妮弗你是谁打了好多药药我没法思考了告诉我你是谁
89,告诉我,你知道我有打开你保险箱的权限,我知道里面有什么,书里面,有个袋子,告诉我你是谁,你是个强盗,不我是你的监护人,你是我的监护人强盗,,,告诉我你知道我有打开你保险箱的权限我知道里面有什么书里面有个袋子告诉我你是谁你是个强盗不我是你的监护人你是我的监护人强盗
90,告诉我你是谁詹妮弗,告诉我,我是你犯下的最严重的失误,告诉我,手机,告诉我,你不肯把我的手机还我,你不让我离开这个地方,我是什么都不会说的,,,告诉我你是谁詹妮弗告诉我我是你犯下的最严重的失误告诉我手机告诉我你不肯把我的手机还我你不让我离开这个地方我是什么都不会说的
91,听我说,什么都不会,我控制着你的药物你的食物,你的舒适与否,你的一切,是我不是你,是我,对,我可以让你的一切变得很糟,,,听我说什么都不会我控制着你的药物你的食物你的舒适与否你的一切是我不是你是我对我可以让你的一切变得很糟
92,你听到我说的了,是吗,是啊,那就来啊你个小王八犊子,放马过来吧,不好意思,玛拉葛蕾森,我最爱的女士,山姆我想让你调整,,,你听到我说的了是吗是啊那就来啊你个小王八犊子放马过来吧不好意思玛拉葛蕾森我最爱的女士山姆我想让你调整
93,詹妮弗彼得森的日程,请讲,把她的关节炎和止痛类药物,减少至最低,把她的体育锻炼升到第四等级,玛拉,晚上九点给她上兴奋剂,然后白天打镇静剂,只给她吃基础食物套餐,,,詹妮弗彼得森的日程请讲把她的关节炎和止痛类药物减少至最低把她的体育锻炼升到第四等级玛拉晚上九点给她上兴奋剂然后白天打镇静剂只给她吃基础食物套餐
94,没有固体食物只有麦片和汤,没有游戏没有电视,每天只允许离开她的房间三十分钟,你确定吗,我非常确定,好,多谢了山姆,布莱顿信托银行,法官大人詹妮弗彼得森最近,,,没有固体食物只有麦片和汤没有游戏没有电视每天只允许离开她的房间三十分钟你确定吗我非常确定好多谢了山姆布莱顿信托银行法官大人詹妮弗彼得森最近
95,在违背意愿的情况下,被送进了疗养院,她被这个女人丢在那儿,她虚伪地宣称詹妮弗有着健康问题,而实际上她当时状态非常好,你是哪位先生,我从没在这儿见过你,迪恩埃里克森法官大人,这些都是我的同事,,,在违背意愿的情况下被送进了疗养院她被这个女人丢在那儿她虚伪地宣称詹妮弗有着健康问题而实际上她当时状态非常好你是哪位先生我从没在这儿见过你迪恩埃里克森法官大人这些都是我的同事
96,我仅代表詹妮弗彼得森的利益,我是来挽救缺席的正义,你是在说我应该对,正义的缺席负责,不是有意的法官大人您被欺骗了,我的委托人没有被邀请参加初审听审,也没请代理人,这对紧急听审来说非常正常,但这个案子里不存在紧急情况,,,我仅代表詹妮弗彼得森的利益我是来挽救缺席的正义你是在说我应该对正义的缺席负责不是有意的法官大人您被欺骗了我的委托人没有被邀请参加初审听审也没请代理人这对紧急听审来说非常正常但这个案子里不存在紧急情况
97,这是被葛蕾森女士虚构出来,为了不让詹妮弗出席并欺瞒法院,我有一份来自,曾跟随艾莫斯医生实习的,前雇员的证词,能够证明,葛蕾森女士和艾莫斯医生,经常在病例上串通,来钻这个体系的空子,,,这是被葛蕾森女士虚构出来为了不让詹妮弗出席并欺瞒法院我有一份来自曾跟随艾莫斯医生实习的前雇员的证词能够证明葛蕾森女士和艾莫斯医生经常在病例上串通来钻这个体系的空子
98,我引用证词,无论他们是否需要监护人,凯伦都会把棘手的病人卖给玛拉,然后夸大病人症状,来控制法庭的宣判,法官大人,这种做法太无耻了,法官我可以发言吗,菲奥娜雅各布斯是你的证人,,,我引用证词无论他们是否需要监护人凯伦都会把棘手的病人卖给玛拉然后夸大病人症状来控制法庭的宣判法官大人这种做法太无耻了法官我可以发言吗菲奥娜雅各布斯是你的证人
99,是的她是雇员之一是的,法官你是知道菲奥娜记恨凯伦的,她不是一个公正的证人,菲奥娜对凯伦一直怀有积怨,因为凯伦曾因她工作差劲开除了她,凯伦开除她也可能是因为,她要掩盖你们行为的真正本质,我认识菲奥娜她确实工作差劲,法官我能再次质询,,,是的她是雇员之一是的法官你是知道菲奥娜记恨凯伦的她不是一个公正的证人菲奥娜对凯伦一直怀有积怨因为凯伦曾因她工作差劲开除了她凯伦开除她也可能是因为她要掩盖你们行为的真正本质我认识菲奥娜她确实工作差劲法官我能再次质询
100,为什么詹妮弗今天又没出席吗,詹妮弗身体抱恙,她无法出庭而且我已经递交了,她的医生提供的,证明此事实的相关文件,还有我被拒绝和她有任何接触法官,就像是葛蕾森小姐有意阻止我接近她,你有拒绝他探访吗玛拉,你不能阻止律师与他的客户接触,,,为什么詹妮弗今天又没出席吗詹妮弗身体抱恙她无法出庭而且我已经递交了她的医生提供的证明此事实的相关文件还有我被拒绝和她有任何接触法官就像是葛蕾森小姐有意阻止我接近她你有拒绝他探访吗玛拉你不能阻止律师与他的客户接触
101,法官这个人自称是她的律师,他无法出示任何有关证明,没有合同也没有订金,他只是突然出现在我的办公室里,制造威胁和控告,法官大人你和我都,不止一次见到过无良律师,为了老人们辛苦挣来的钱,寻求办法利用他们,,,法官这个人自称是她的律师他无法出示任何有关证明没有合同也没有订金他只是突然出现在我的办公室里制造威胁和控告法官大人你和我都不止一次见到过无良律师为了老人们辛苦挣来的钱寻求办法利用他们
102,我想这就是为什么埃里克森先生想要,彼得森小姐脱离我的保护,那跟现在的情况恰恰相反,先生你能提供任何书面文件,来证明你是彼得森女士的律师吗,如果我能接触到她,我保证她会签约聘请,所以詹妮弗彼得森还没,雇佣你做她的律师,,,我想这就是为什么埃里克森先生想要彼得森小姐脱离我的保护那跟现在的情况恰恰相反先生你能提供任何书面文件来证明你是彼得森女士的律师吗如果我能接触到她我保证她会签约聘请所以詹妮弗彼得森还没雇佣你做她的律师
103,我代表相关人士,代表非常担心詹妮弗的人,担心这个人一直以来,对詹妮弗的残暴对待,那这些相关人士是谁,我无权透露,他们是希望保持匿名的,彼得森女士的朋友,先生我们一直在绕圈子,,,我代表相关人士代表非常担心詹妮弗的人担心这个人一直以来对詹妮弗的残暴对待那这些相关人士是谁我无权透露他们是希望保持匿名的彼得森女士的朋友先生我们一直在绕圈子
104,要么给我看一下能证明,你是彼得森女士律师的文件,要么你带这些相关人士过来,参加听审并让他们代表自己发言,不过现在呢埃里克森先生,你要终止监护关系的请求被驳回了,先生,听着,好吧这是家事法庭,,,要么给我看一下能证明你是彼得森女士律师的文件要么你带这些相关人士过来参加听审并让他们代表自己发言不过现在呢埃里克森先生你要终止监护关系的请求被驳回了先生听着好吧这是家事法庭
105,好吗那个法官就是个混蛋,他是个白痴他根本不懂法律,就连他开的车都不上档次,别说了,闭嘴,去他妈的,早上好,早上好我叫威尔特史密斯,他们是我的兄弟托尼和查德,,,好吗那个法官就是个混蛋他是个白痴他根本不懂法律就连他开的车都不上档次别说了闭嘴去他妈的早上好早上好我叫威尔特史密斯他们是我的兄弟托尼和查德
106,我今早和你们的经理,莱斯先生约了一次设施的参观,太好了我会帮你打电话叫他的,谢谢,史密斯先生,史密斯先生,好的,玛拉,她去世了,,,我今早和你们的经理莱斯先生约了一次设施的参观太好了我会帮你打电话叫他的谢谢史密斯先生史密斯先生好的玛拉她去世了
107,谁,詹妮弗彼得森去世了,什么,什么时候,在年,当她三个月零九天大的时候,死于小儿麻痹,那个我们关着的女人玛拉,不是詹妮弗彼得森,,,谁詹妮弗彼得森去世了什么什么时候在年当她三个月零九天大的时候死于小儿麻痹那个我们关着的女人玛拉不是詹妮弗彼得森
108,她窃取了一个死去孩子的身份信息,你可以看到我们有,来看看这个,小儿麻痹再次夺走生命,我在旧报纸上找到了,那个死去女孩的讣告,当然了我们还有,最好的医护人员和现场设施,那么还有什么问题吗,,,她窃取了一个死去孩子的身份信息你可以看到我们有来看看这个小儿麻痹再次夺走生命我在旧报纸上找到了那个死去女孩的讣告当然了我们还有最好的医护人员和现场设施那么还有什么问题吗
109,其实有一个,我父亲有个朋友住在这儿,我们想看看能否打声招呼,这对我们很重要,当然了叫什么名字,詹妮弗彼得森,有什么问题吗,不行,詹妮弗身体不舒服她在休息,,,其实有一个我父亲有个朋友住在这儿我们想看看能否打声招呼这对我们很重要当然了叫什么名字詹妮弗彼得森有什么问题吗不行詹妮弗身体不舒服她在休息
110,我们会很快的,我们答应过父亲希望你能理解,当然了问题是詹妮弗的监护人规定,她只接守预约过的探访者,真奇怪她听着有点像囚犯,而不是来宾,不,不是的,这样吧不如,,,我们会很快的我们答应过父亲希望你能理解当然了问题是詹妮弗的监护人规定她只接守预约过的探访者真奇怪她听着有点像囚犯而不是来宾不不是的这样吧不如
111,我为你接通詹妮弗的监护人,然后看看我能做什么吧,好,喂你们把他怎么了,我去,来人救救莱斯先生,找到她去啊,救命,杰瑞,,,我为你接通詹妮弗的监护人然后看看我能做什么吧好喂你们把他怎么了我去来人救救莱斯先生找到她去啊救命杰瑞
112,该死,封锁大楼,那我们关的是谁,我不知道但这种被窃取身份的手段,非常高明,包括护照驾照工作关系,能回溯年的纳税纪录,他们洗刷了,真正詹妮弗彼得森的所有痕迹,,,该死封锁大楼那我们关的是谁我不知道但这种被窃取身份的手段非常高明包括护照驾照工作关系能回溯年的纳税纪录他们洗刷了真正詹妮弗彼得森的所有痕迹
113,包括她的死亡证明,玛拉葛蕾森,对,靠,我现在就过去,詹妮弗,女士,女士,查德,,,包括她的死亡证明玛拉葛蕾森对靠我现在就过去詹妮弗女士女士查德
114,谢谢,女士,趴下,女士,有人吗,闪开,快闪开,总算等到你了,开门,,,谢谢女士趴下女士有人吗闪开快闪开总算等到你了开门
115,你不想这样的,开门,听好了,我已经做好把你们全杀了,然后离开的准备,你们准备好为了阻止我而送死了吗,我就知道,谢谢,就在这边女士,,,你不想这样的开门听好了我已经做好把你们全杀了然后离开的准备你们准备好为了阻止我而送死了吗我就知道谢谢就在这边女士
116,嗨,别他妈碰我,那边,去你的,抓到你了,不不行,是啊假期结束了,走吧,武器已缴,,,嗨别他妈碰我那边去你的抓到你了不不行是啊假期结束了走吧武器已缴
117,手举起来转身,你叫什么名字,你为什么要绑架那个老太太,想打个电话吗,想吃个甜甜圈吗,他还不知道但我们在系统里,搜到了他他已经进去过几次了,他是谁,亚历克西伊格纳捷夫,,,手举起来转身你叫什么名字你为什么要绑架那个老太太想打个电话吗想吃个甜甜圈吗他还不知道但我们在系统里搜到了他他已经进去过几次了他是谁亚历克西伊格纳捷夫
118,尼古拉斯伊格纳捷夫的哥哥,曾是克利夫兰俄罗斯黑手党的,一名小头目,曾是,尼古拉斯七年前和他的老板,罗曼鲁涅夫共同死于一场火灾,那是一起纵火一次袭击,他们被抓到牟取私利,这俩混蛋是毒品走私犯,,,尼古拉斯伊格纳捷夫的哥哥曾是克利夫兰俄罗斯黑手党的一名小头目曾是尼古拉斯七年前和他的老板罗曼鲁涅夫共同死于一场火灾那是一起纵火一次袭击他们被抓到牟取私利这俩混蛋是毒品走私犯
119,还牵扯了一堆谋杀案,我们以为亚历克西也在大火中死了,但他出现在了这里,试图绑架你的被监护人,话说回来她是谁你的被监护人,谁也不是她是个退休的女商人,有钱吗,一般般吧,好吧也许这只是一次普通的抢劫,,,还牵扯了一堆谋杀案我们以为亚历克西也在大火中死了但他出现在了这里试图绑架你的被监护人话说回来她是谁你的被监护人谁也不是她是个退休的女商人有钱吗一般般吧好吧也许这只是一次普通的抢劫
120,你们今天做得很好阻止了他们,这家伙是个大坏蛋,帮我个忙,如果你听说了其他消息,记得告诉我们,当然弗兰基,卢,别叫我弗兰基了,你以前喜欢别人叫你弗兰基,,,你们今天做得很好阻止了他们这家伙是个大坏蛋帮我个忙如果你听说了其他消息记得告诉我们当然弗兰基卢别叫我弗兰基了你以前喜欢别人叫你弗兰基
121,是啊现在不是了,弗兰基,这都是以前的事了,我喜欢,弗兰基,不要,对是我,我需要一点东西,你好,,,是啊现在不是了弗兰基这都是以前的事了我喜欢弗兰基不要对是我我需要一点东西你好
122,抱歉我要关门了你有预约吗,本地医生被发现身亡,布莱顿县沙尔克罗斯,凯伦艾莫斯医生的尸体,在她的办公地点被发现,警方称尽管已经放弃搜查,但仍不能确定是否为自杀,弗兰,玛拉,,,抱歉我要关门了你有预约吗本地医生被发现身亡布莱顿县沙尔克罗斯凯伦艾莫斯医生的尸体在她的办公地点被发现警方称尽管已经放弃搜查但仍不能确定是否为自杀弗兰玛拉
123,你听说凯伦的事了吗,是啊我的天啊宝贝,好收拾行李,我们得走他们既然杀了她,我们就是下一个,我们还不确定是他们杀了她,凯伦也许有别的我们不知道的麻烦,真的吗你觉得是这样,好吧,,,你听说凯伦的事了吗是啊我的天啊宝贝好收拾行李我们得走他们既然杀了她我们就是下一个我们还不确定是他们杀了她凯伦也许有别的我们不知道的麻烦真的吗你觉得是这样好吧
124,玛拉我不想你的脑袋也挨枪子,我也不想挨枪子,那我们就不会挨枪子,玛拉我们找到詹妮弗彼得森,是因为她是肥羊,一个无依无靠没有子女的独居肥羊,但是她她是盘根错节的蜘蛛网,而我们都会被困在网里,也许会吧但也许不会,,,玛拉我不想你的脑袋也挨枪子我也不想挨枪子那我们就不会挨枪子玛拉我们找到詹妮弗彼得森是因为她是肥羊一个无依无靠没有子女的独居肥羊但是她她是盘根错节的蜘蛛网而我们都会被困在网里也许会吧但也许不会
125,他们持枪闯进了疗养所,他们是俄罗斯黑手党玛拉,前俄罗斯黑手党,玛拉你他妈打包吧,靠,柯蒂斯我是玛拉,是的我们看到了,我知道,对你应该关闭办公室,,,他们持枪闯进了疗养所他们是俄罗斯黑手党玛拉前俄罗斯黑手党玛拉你他妈打包吧靠柯蒂斯我是玛拉是的我们看到了我知道对你应该关闭办公室
126,挺过这段时间好吗,你能尽快给我发一份我们在册的,所有空置未售的房产名单吗,越快越好,好,谢谢再见,不会有事的,詹妮弗你感觉怎么样,很好,,,挺过这段时间好吗你能尽快给我发一份我们在册的所有空置未售的房产名单吗越快越好好谢谢再见不会有事的詹妮弗你感觉怎么样很好
127,听说艾莫斯医生的事了,亚历克西是你的儿子吗,什么不是那个蠢货,但是你跟俄罗斯黑手党有关系,他下一个会杀了你,我是说除非你现在让我出去,说不定他会饶你一命,詹妮弗你给我听好了,我的字典里没有输这个字,,,听说艾莫斯医生的事了亚历克西是你的儿子吗什么不是那个蠢货但是你跟俄罗斯黑手党有关系他下一个会杀了你我是说除非你现在让我出去说不定他会饶你一命詹妮弗你给我听好了我的字典里没有输这个字
128,我不会输的,我绝不会让你走,你是我的,我还会榨干你的钱,你的舒适和你的自尊,不是因为我想这样,不是因为我享受这样,或者我计划这么干,而是因为你的人不按规矩来,,,我不会输的我绝不会让你走你是我的我还会榨干你的钱你的舒适和你的自尊不是因为我想这样不是因为我享受这样或者我计划这么干而是因为你的人不按规矩来
129,你想击垮我,那就光明正大地冲我来,把我送上法庭赢过我,你不应该把枪带进疗养院,不应该杀我朋友,这就是你现在的处境詹妮弗,你不过是一个有老年痴呆,大小便失禁关节炎,住在疗养院的老太婆罢了,,,你想击垮我那就光明正大地冲我来把我送上法庭赢过我你不应该把枪带进疗养院不应该杀我朋友这就是你现在的处境詹妮弗你不过是一个有老年痴呆大小便失禁关节炎住在疗养院的老太婆罢了
130,除了我,你谁也别想见,詹妮弗,或者不管你是谁,你会死在这里,独自一人并且承受巨大的病痛,喂放开她,放手,这就对了放开她轻轻地松手,,,除了我你谁也别想见詹妮弗或者不管你是谁你会死在这里独自一人并且承受巨大的病痛喂放开她放手这就对了放开她轻轻地松手
131,不要,她才是坏人,天啊,玛拉你没事吧,她伤到你了吗,只是皮肉伤,我很幸运但是下次呢,如您所见她的精神健康严重恶化,如这位医生所描述的那样,,,不要她才是坏人天啊玛拉你没事吧她伤到你了吗只是皮肉伤我很幸运但是下次呢如您所见她的精神健康严重恶化如这位医生所描述的那样
132,彼得森女士有幻想症妄想症,并且有暴力倾向,她对别人和她自己来说,都是个危险的存在,她的医生和我本人都建议,马上把她送到安全的精神病院,在那里,她的需求会得到更充分的照顾,我同意,,,彼得森女士有幻想症妄想症并且有暴力倾向她对别人和她自己来说都是个危险的存在她的医生和我本人都建议马上把她送到安全的精神病院在那里她的需求会得到更充分的照顾我同意
133,不用担心,这属于你的一个被监护人,我只需要一个大概的价格估计伊,这块石头品质很高,可不是什么廉价品,能值多少钱零售价,万也许能卖万美元,这颗很不错的,你介意替我保管一段时间吗,,,不用担心这属于你的一个被监护人我只需要一个大概的价格估计伊这块石头品质很高可不是什么廉价品能值多少钱零售价万也许能卖万美元这颗很不错的你介意替我保管一段时间吗
134,锁在你保险箱里,有麻烦吗,不是,不我只是要出去跑腿,不想一整天都放在包里,谢了,弗兰向你问好,她让我问问你哥麦奇的情况,麦奇,,,锁在你保险箱里有麻烦吗不是不我只是要出去跑腿不想一整天都放在包里谢了弗兰向你问好她让我问问你哥麦奇的情况麦奇
135,对他还做买卖吗,为什么你需要黑市吗,以后也许会,迈克尔还在到处做买卖,很好,嗨怎么样了,她把鱼饵甩给麦奇了吗,对他可能是个出路,很好,,,对他还做买卖吗为什么你需要黑市吗以后也许会迈克尔还在到处做买卖很好嗨怎么样了她把鱼饵甩给麦奇了吗对他可能是个出路很好
136,喂你带了我们的护照吗,护照,该死,我去宝贝没有我没带你呢,该死没有,我离家很近,你想的话我可以去拿一趟,我觉得以防万一我们应该拿一下,但要小心啊,,,喂你带了我们的护照吗护照该死我去宝贝没有我没带你呢该死没有我离家很近你想的话我可以去拿一趟我觉得以防万一我们应该拿一下但要小心啊
137,好,老地方见,行就这样,好,拜,怎么了,我的天啊你没事吧,我不知道我觉得有人,我的天,,,好老地方见行就这样好拜怎么了我的天啊你没事吧我不知道我觉得有人我的天
138,放开我,你好玛拉葛蕾森,我不喜欢你,你才刚见到我,知道吗,你让我想起了一个我年轻时认识的人,她像你一样火爆,有趣自信,不愿合作,,,放开我你好玛拉葛蕾森我不喜欢你你才刚见到我知道吗你让我想起了一个我年轻时认识的人她像你一样火爆有趣自信不愿合作
139,我用面包刀把她的手指都切掉了,她现在被埋在吉米约翰餐馆下面了,不要低估我,你是谁,一个危险的人物,你的名片上就这样写的,你现在应该害怕,为什么,你要再做一次大型演讲吗,,,我用面包刀把她的手指都切掉了她现在被埋在吉米约翰餐馆下面了不要低估我你是谁一个危险的人物你的名片上就这样写的你现在应该害怕为什么你要再做一次大型演讲吗
140,老天爷啊,你从我这儿偷了东西,不仅仅是一个老太太,你知道我在说什么,现在我的人正在找你偷的东西,他们会掀了你的办公室你的家,并且如果他们没找到该找的,我会把你慢慢撕碎,直到你告诉我它们在哪,,,老天爷啊你从我这儿偷了东西不仅仅是一个老太太你知道我在说什么现在我的人正在找你偷的东西他们会掀了你的办公室你的家并且如果他们没找到该找的我会把你慢慢撕碎直到你告诉我它们在哪
141,玛拉你认得这个女人吗,那是你妈妈不是吗,我毁了你之后我会毁了她,随便我才不在乎那个反社会变态,对了我,我不喜欢生气,我更喜欢保持冷静,但你已经破坏了,我花费多年精心打造的生活,,,玛拉你认得这个女人吗那是你妈妈不是吗我毁了你之后我会毁了她随便我才不在乎那个反社会变态对了我我不喜欢生气我更喜欢保持冷静但你已经破坏了我花费多年精心打造的生活
142,你知道我是谁吗,不知道但我觉得我能猜到,你要么是尼古拉斯伊格纳捷夫,要么是罗曼鲁涅夫,我猜你是罗曼鲁涅夫,因为比起一个战士你更像一个老板,所以你伪造了自己的死亡,害怕你克利夫兰的朋友们,会利用你母亲把你揪出来,,,你知道我是谁吗不知道但我觉得我能猜到你要么是尼古拉斯伊格纳捷夫要么是罗曼鲁涅夫我猜你是罗曼鲁涅夫因为比起一个战士你更像一个老板所以你伪造了自己的死亡害怕你克利夫兰的朋友们会利用你母亲把你揪出来
143,所以你把她变成了詹妮弗彼得森,我现在要杀了你,好的,你不怕死,你还记得年有多恐怖吗,不我也不记得因为我还没出生呢,但我死的时候,感觉也不会有什么区别,什么感觉都没有了为什么要害怕,,,所以你把她变成了詹妮弗彼得森我现在要杀了你好的你不怕死你还记得年有多恐怖吗不我也不记得因为我还没出生呢但我死的时候感觉也不会有什么区别什么感觉都没有了为什么要害怕
144,总之你不需要杀我,当你派那个带着一整箱钱的律师,过来的时候,你的直觉是对的我愿意被收买,你的人只是出价太低了,你有没有预期数字,有,我要一千万美元,你当然这么想了,,,总之你不需要杀我当你派那个带着一整箱钱的律师过来的时候你的直觉是对的我愿意被收买你的人只是出价太低了你有没有预期数字有我要一千万美元你当然这么想了
145,你很,你很勇敢葛蕾森女士,愚蠢但是很勇敢,要在这个国家成功你必须勇敢,还要愚蠢无情专心致志,因为公平竞争畏首畏尾,什么都带不来,只会带来你的失败,你知道的,,,你很你很勇敢葛蕾森女士愚蠢但是很勇敢要在这个国家成功你必须勇敢还要愚蠢无情专心致志因为公平竞争畏首畏尾什么都带不来只会带来你的失败你知道的
146,而我想要有钱鲁涅夫先生,我想要,非常的有钱,而我的赌注就是一千万美元,对你来说不是什么大钱,但对我来说这只是个开始,这样就足够把钱当武器了,当成压迫手段,像真正的有钱人做的那样,,,而我想要有钱鲁涅夫先生我想要非常的有钱而我的赌注就是一千万美元对你来说不是什么大钱但对我来说这只是个开始这样就足够把钱当武器了当成压迫手段像真正的有钱人做的那样
147,那就是我想要的,你手里没有牌,我有你妈妈和你的钻石,我保证如果我死了,你永远都别想看到那些钻石了,然后在这样的情况下,救你的母亲脱困会非常复杂,在她重获自由之前,那还需要好几年的努力,,,那就是我想要的你手里没有牌我有你妈妈和你的钻石我保证如果我死了你永远都别想看到那些钻石了然后在这样的情况下救你的母亲脱困会非常复杂在她重获自由之前那还需要好几年的努力
148,如果她能撑到那时候的话,给我钱就行了,这是最简单的方法,除掉她,要确保手法看着自然一点,你有公共电话吗,如果你让我用下你的手机,我就给你美元,嗨我是弗兰请给我留言,,,如果她能撑到那时候的话给我钱就行了这是最简单的方法除掉她要确保手法看着自然一点你有公共电话吗如果你让我用下你的手机我就给你美元嗨我是弗兰请给我留言
149,你能给我叫辆出租车吗,弗兰,宝贝不,我的天啊,弗兰,弗兰,玛拉,我以为我们都死了,没有,,,你能给我叫辆出租车吗弗兰宝贝不我的天啊弗兰弗兰玛拉我以为我们都死了没有
150,我们还活着亲爱的,待售,我好怕,我真的很抱歉,我很抱歉,没事的,莉莉布莱特牙科,你感觉怎么样,好多了,,,我们还活着亲爱的待售我好怕我真的很抱歉我很抱歉没事的莉莉布莱特牙科你感觉怎么样好多了
151,那是什么玛拉,这是我们俄罗斯朋友开的车的牌照,弗兰只要你开口我们就走,找一个新地方重新开始,只有我们,然后做什么,我们失去了一切,不是一切哦,我们可以带着它们逃跑,,,那是什么玛拉这是我们俄罗斯朋友开的车的牌照弗兰只要你开口我们就走找一个新地方重新开始只有我们然后做什么我们失去了一切不是一切哦我们可以带着它们逃跑
152,或者你可以打个电话帮我问到,那个牌照注册的地址,如果我们逃跑的话,我们会永远担惊受怕,我们会永远等着他们找上门来,现在结束这一切不是更好吗,你有计划了,我确实有,会成功吗,,,或者你可以打个电话帮我问到那个牌照注册的地址如果我们逃跑的话我们会永远担惊受怕我们会永远等着他们找上门来现在结束这一切不是更好吗你有计划了我确实有会成功吗
153,我不确定,把手机给我,行了我们到了,这就是牌照的地址,那栋吗,对,他不可能住在这里面,也许牌照是偷来的,不牌照能查到是一辆黑色的育空车,,,我不确定把手机给我行了我们到了这就是牌照的地址那栋吗对他不可能住在这里面也许牌照是偷来的不牌照能查到是一辆黑色的育空车
154,绕到后面去,我想要靠近点看,那不是他是他的司机,走他出发了,在那儿跟着他,他要停车了,先生你的车到楼下了,小心点,嗨,,,绕到后面去我想要靠近点看那不是他是他的司机走他出发了在那儿跟着他他要停车了先生你的车到楼下了小心点嗨
155,我约了盖伦与赫尔希公司的奈洛先生,在三楼吧我记得,我其实有点来早了,在我等的时候,有洗手间可以用一下吗,当然走过那个转角在你的左手边,谢谢,高管停车场,地下二层,,,我约了盖伦与赫尔希公司的奈洛先生在三楼吧我记得我其实有点来早了在我等的时候有洗手间可以用一下吗当然走过那个转角在你的左手边谢谢高管停车场地下二层
156,嗨你能帮我一下吗,我觉得我来错楼层了却找不到出口,这是地下一层吗,这是地下二层出口就在拐角旁边,我不能坐那边的电梯吗,那是私人电,杰克逊去哪儿了,又见面了,先生喂,,,嗨你能帮我一下吗我觉得我来错楼层了却找不到出口这是地下一层吗这是地下二层出口就在拐角旁边我不能坐那边的电梯吗那是私人电杰克逊去哪儿了又见面了先生喂
157,他在里面吗,躺在他自己的尿里,你想甩掉他吗,带路吧,你觉得他有多重公斤,公斤差不多,好好睡吧混蛋,你醒了,你感觉怎么样,,,他在里面吗躺在他自己的尿里你想甩掉他吗带路吧你觉得他有多重公斤公斤差不多好好睡吧混蛋你醒了你感觉怎么样
158,不要开口说话,你喉咙里有一根管子,看到了吗,你是个无名氏黑户,你差点死于过量服药,你很幸运他们及时救了你,你想听一个有趣的事实吗,当一位失去自理能力的无名氏被发现,政府会自动地替他们,,,不要开口说话你喉咙里有一根管子看到了吗你是个无名氏黑户你差点死于过量服药你很幸运他们及时救了你你想听一个有趣的事实吗当一位失去自理能力的无名氏被发现政府会自动地替他们
159,委派一位法定监护人,来监督他们的治疗与身心健康,你知道现在是怎么回事了吧,我现在是你的法定监护人,我逮到你了无名氏,我想对你做什么就做什么,现在我们找个护士,把管子从喉咙里拔出来,好让你筹备一千万美元赎金,,,委派一位法定监护人来监督他们的治疗与身心健康你知道现在是怎么回事了吧我现在是你的法定监护人我逮到你了无名氏我想对你做什么就做什么现在我们找个护士把管子从喉咙里拔出来好让你筹备一千万美元赎金
160,打进我的账户,呼叫护士,叮咚,喉咙怎么样了,还是很疼,我知道你不喜欢失败,但作为你的监护人我建议你,放下自尊然后给我钱,你可以领走你妈妈,,,打进我的账户呼叫护士叮咚喉咙怎么样了还是很疼我知道你不喜欢失败但作为你的监护人我建议你放下自尊然后给我钱你可以领走你妈妈
161,你的钻石,你的自由,你再也不会见到我了,就算我给你钱了,你不怕我还是会杀了你吗,我不怕不会,我很轻易就能做到,我知道,但是这事再拖下去,,,你的钻石你的自由你再也不会见到我了就算我给你钱了你不怕我还是会杀了你吗我不怕不会我很轻易就能做到我知道但是这事再拖下去
162,我也可以很轻易就杀了你,好吧,同意了,我们现在就了结吧,我会给你一千万美元,我可以筹备,但是,但是,我想提出一个替代方案,,,我也可以很轻易就杀了你好吧同意了我们现在就了结吧我会给你一千万美元我可以筹备但是但是我想提出一个替代方案
163,与其给你一千万美元,不如我们一起合作,一起做生意,你在耍我吗,不我认真的,我的意思是,我是恨你,但是,我们可以一起赚大钱,,,与其给你一千万美元不如我们一起合作一起做生意你在耍我吗不我认真的我的意思是我是恨你但是我们可以一起赚大钱
164,你是个难得的人才玛拉,你的决心,坦白说很吓人,但是这套监护人诈骗体系很成熟,但现在还是盘小菜,我提议我们一起干点大事,一个全国范围的监护人企业,你来当首席执行官和合伙人,利用我的资金利用你的,,,你是个难得的人才玛拉你的决心坦白说很吓人但是这套监护人诈骗体系很成熟但现在还是盘小菜我提议我们一起干点大事一个全国范围的监护人企业你来当首席执行官和合伙人利用我的资金利用你的
165,技巧,毁掉竞争对手,控制整个市场,你想跟我一起开家公司,不只一家公司,一家拥有个海外注册分公司的,联合集团,互相开具发票掩盖利润,有一个真正的房地产团队,,,技巧毁掉竞争对手控制整个市场你想跟我一起开家公司不只一家公司一家拥有个海外注册分公司的联合集团互相开具发票掩盖利润有一个真正的房地产团队
166,一个法律团队一个培训团队,一个医疗团队一个制药团队,我们自己的疗养院产业链,没错,有几千个监护人为我们工作,有成千上万的被监护人受我们照顾,这样你就赢了,我也赢了,我们让对方成为亿万富翁,,,一个法律团队一个培训团队一个医疗团队一个制药团队我们自己的疗养院产业链没错有几千个监护人为我们工作有成千上万的被监护人受我们照顾这样你就赢了我也赢了我们让对方成为亿万富翁
167,大多数时候,都合法,那钻石怎么办,去他妈的钻石,平分了五五开,我们要怎么互相信任呢,如果我们让彼此有钱了,信任也就随之而至,所以你加入吗,,,大多数时候都合法那钻石怎么办去他妈的钻石平分了五五开我们要怎么互相信任呢如果我们让彼此有钱了信任也就随之而至所以你加入吗
168,所有的财富都是从大胆地尝试开始,但在尝试之前,首先,花点时间好好审视一下自己,清楚自己是谁,问问自己,我是局内人,还是局外人,葛蕾森监护,,,所有的财富都是从大胆地尝试开始但在尝试之前首先花点时间好好审视一下自己清楚自己是谁问问自己我是局内人还是局外人葛蕾森监护
169,良好记录证明,我是只绵羊吗,葛蕾森,还是狮子,我是捕食者吗,未来监护人培训学院,还是猎物,我擅长赚钱,还是擅长交际,,,良好记录证明我是只绵羊吗葛蕾森还是狮子我是捕食者吗未来监护人培训学院还是猎物我擅长赚钱还是擅长交际
170,为了实现梦想,我又愿意牺牲什么,玛拉葛蕾森总裁及创始人,哪条底线是我会坚守的,不要尝试成为别人,你只要清楚自己是什么样的人,然后把这一点变成自己的优势,那么你是哪种人呢,我吗,,,为了实现梦想我又愿意牺牲什么玛拉葛蕾森总裁及创始人哪条底线是我会坚守的不要尝试成为别人你只要清楚自己是什么样的人然后把这一点变成自己的优势那么你是哪种人呢我吗
171,我只是在乎很多的人,所以你是只狮子还是绵羊,我是一头母狮,我会做我能做的一切,来保护我在乎的人,好啊,你在如此短的时间里,取得了惊人的成功,玛拉你的秘诀是什么,,,我只是在乎很多的人所以你是只狮子还是绵羊我是一头母狮我会做我能做的一切来保护我在乎的人好啊你在如此短的时间里取得了惊人的成功玛拉你的秘诀是什么
172,没有什么秘诀皮特,想要成功只有努力工作,和永不言弃的勇气和决心,所以你现在是有钱人了,你的身价是多少,你在银行里有多少存款,你太棒了,我假笑了那么久脸都疼了,我最近没怎么算过,,,没有什么秘诀皮特想要成功只有努力工作和永不言弃的勇气和决心所以你现在是有钱人了你的身价是多少你在银行里有多少存款你太棒了我假笑了那么久脸都疼了我最近没怎么算过
173,但你绝对是人群,富豪中的顶级富豪,我们现在该做什么呢,想做什么都行,喂贱人,你才只有三十九岁那一定感觉很好,喂贱人,听着我没时间,玛拉,,,但你绝对是人群富豪中的顶级富豪我们现在该做什么呢想做什么都行喂贱人你才只有三十九岁那一定感觉很好喂贱人听着我没时间玛拉
174,不保安,我的天,我妈妈去世了,救命来人啊,你从来不让我见她现在,她孤独地死在那儿了你个臭婊子,我们需要帮助,夺下武器,该死的贱人,,,不保安我的天我妈妈去世了救命来人啊你从来不让我见她现在她孤独地死在那儿了你个臭婊子我们需要帮助夺下武器该死的贱人
175,来人救救她,玛拉宝贝你会没事的,不看着我宝贝,看着我,听我说你不会有事的你会玛拉,救命,玛拉,不要玛拉,不要,,,来人救救她玛拉宝贝你会没事的不看着我宝贝看着我听我说你不会有事的你会玛拉救命玛拉不要玛拉不要
176,救命啊,所以在有这么多成就之后,救命,你还怀有野心吗,你还有梦想要去实现吗,皮特我才刚开始而已,玛拉葛蕾森葛蕾森监护的,首席执行官和创始人谢谢你,谢谢今天的采访很有趣,,,救命啊所以在有这么多成就之后救命你还怀有野心吗你还有梦想要去实现吗皮特我才刚开始而已玛拉葛蕾森葛蕾森监护的首席执行官和创始人谢谢你谢谢今天的采访很有趣
